Name,Gender,Date_of_Birth,Aadhaar_Number,Address
Siya Suri,Female,07-07-1973,3802 8562 8563,"H.No. 17, Chana Nagar, Barasat-141688"
Aaryahi Shere,Female,01-12-1976,6186 5705 1021,"38/803, Choudhry Road, Medininagar 312717"
Samaira Das,Male,24-06-1952,1154 9773 2201,"06/838, Batra, Faridabad 740998"
Tiya Balasubramanian,Female,21-04-1967,4484 4108 1868,"H.No. 897, Loyal Path, Raipur-815390"
Suhana Choudhry,Male,18-12-1954,2681 1002 1607,"018, Sastry Zila, Shahjahanpur 572368"
Vidur Raju,Male,11-08-1980,4775 3475 2138,"91/229, Handa Zila, Purnia 043160"
Devansh Balay,Female,15-06-1952,7173 2696 0461,"48/854, Sem Zila, Shimla 134971"
Mishti Sharaf,Male,22-04-1974,7404 4935 4303,"H.No. 404, Rege Street, Dhule-764881"
Drishya Korpal,Male,08-11-1973,2208 9688 7471,"888, Varkey Path, Raurkela Industrial Township-308547"
Sumer Mand,Male,19-11-1979,4553 2210 2026,"51/71, Lal, Rajpur Sonarpur 496176"
Zara Thakur,Male,27-07-2005,7218 1658 2763,"40/89, Arora Ganj, Barasat 992350"
Diya Ramanathan,Female,12-09-1958,7467 8933 0793,"H.No. 56, Rajagopalan Path, Jammu 169802"
Advika Sanghvi,Female,04-06-1987,9234 9338 7345,"29/749, Iyer Road, Ambarnath-558173"
Misha Comar,Male,22-03-1961,1429 5502 3786,"99/371, Sawhney Path, Tirunelveli 395444"
Samar Wali,Male,28-08-1966,7902 0150 7731,"54/35, Sengupta Path, Vijayawada 036100"
Ayesha Bath,Female,05-06-1985,5111 6910 0576,"97/09, Keer Ganj, Thrissur-619873"
Gokul Aurora,Male,10-09-1965,1126 8213 3579,"H.No. 793, Thakkar Zila, Bidhannagar-139814"
Taran Bhasin,Female,08-02-1988,2435 0892 6414,"58, Ganesan Marg, Naihati 071574"
Raunak Mane,Female,12-01-1995,7269 7574 0355,"80/54, Chaudhari Ganj, Nagpur-253582"
Aayush Krish,Male,21-10-1993,7045 6900 5725,"H.No. 89, Bora Chowk, Karawal Nagar-241252"
Kabir Sampath,Male,27-09-1954,7358 9543 1061,"H.No. 75, Bedi Nagar, Allahabad 159665"
Elakshi Dugal,Female,11-12-1951,0726 5317 1103,"67/20, Batra Chowk, Deoghar 829187"
Amira Talwar,Male,18-03-1982,7113 5099 5314,"558, Borra Road, Rajahmundry 875129"
Yashvi Gill,Male,03-11-1979,7808 5552 0426,"521, Kunda Street, Gwalior-536511"
Kanav Sampath,Male,08-01-1961,3800 3380 5707,"20/81, Bedi Ganj, Ongole 603949"
Stuvan Bassi,Male,23-06-1993,7894 4979 1198,"55/57, Balan Ganj, Satara 388417"
Jayan Sunder,Female,09-04-2005,6419 8168 7505,"68/834, Ben, Gorakhpur-648829"
Hansh Kothari,Male,25-05-1973,5310 1873 6879,"H.No. 18, Choudhury Zila, Srinagar-738241"
Samar Gade,Male,20-11-1995,0649 7966 0502,"82, Bhattacharyya Marg, Navi Mumbai 947087"
Hazel Sahota,Female,06-10-1954,9381 9581 3827,"20, Dubey Path, Proddatur 658834"
Oorja Kala,Female,30-08-1978,2245 6781 6157,"H.No. 20, Ravel Circle, Ranchi-041165"
Mamooty Kumar,Female,15-11-1985,8978 3658 4334,"H.No. 36, Venkataraman Chowk, Dharmavaram 045091"
Darshit Wason,Female,23-10-2000,9005 2100 9523,"27/925, Din Path, Bareilly-242629"
Nayantara Lad,Female,23-11-1996,9699 0781 2999,"H.No. 505, Verma Path, Baranagar-709179"
Eshani Maharaj,Male,07-12-1977,3376 5721 2376,"66/679, Wable Marg, Bharatpur-150756"
Oorja Seshadri,Male,05-04-1955,6166 0045 6969,"30, Sinha Nagar, Serampore 596625"
Dhanush Baral,Female,28-05-1982,9674 7381 4201,"61/352, Deshpande Chowk, Sasaram-362317"
Neelofar Agrawal,Male,29-12-1951,5926 2649 3972,"H.No. 695, Dixit Marg, Visakhapatnam 702767"
Chirag Doctor,Female,20-02-1999,7091 6236 7146,"68/27, Garde Road, Hyderabad-614691"
Anaya Madan,Male,05-12-1950,4925 3254 4626,"78, Ravi Road, Bhatpara-276336"
Badal Yohannan,Male,07-02-1966,0413 0324 7116,"978, Vig Circle, Silchar 481100"
Ojas Issac,Male,22-12-1969,3910 6061 7272,"467, Bajaj Nagar, Bhagalpur-498679"
Oorja Gade,Female,13-11-2003,9338 5880 0699,"H.No. 144, Bala Nagar, Saharsa 618302"
Farhan Luthra,Female,15-01-1968,4541 1317 0949,"176, Bhargava Zila, Hosur 862296"
Kimaya Kara,Female,03-12-1970,8469 8836 6716,"H.No. 53, Date Nagar, Bhalswa Jahangir Pur-946991"
Biju Bahl,Female,19-03-1981,0734 1828 4254,"02/25, Bhattacharyya Chowk, Buxar-916603"
Zain Thakkar,Female,23-04-1950,4293 6831 6440,"H.No. 022, Rege, Nadiad-087401"
Nayantara Setty,Male,20-11-1951,3111 0977 9233,"H.No. 504, Tata Nagar, Kulti 005014"
Baiju Rao,Female,15-01-1991,2765 2890 3833,"798, Yadav Road, Bidhannagar-750841"
Zoya Loyal,Female,26-04-1964,4477 8964 2764,"72/89, Kala Street, Bongaigaon-371821"
Kanav Dubey,Female,23-10-1954,8926 8970 8423,"H.No. 216, Srinivasan Marg, Durg-575059"
Misha Atwal,Female,30-08-1996,9916 0841 1896,"04, Dube Marg, Morbi-326722"
Eshani Borah,Female,19-01-1949,8874 8118 7237,"672, Srinivasan Path, Rourkela-360354"
Shayak Vohra,Male,08-09-1948,3541 8296 3326,"H.No. 163, Dey Path, Ranchi 135718"
Shanaya Bir,Male,06-12-1975,4025 7586 6362,"209, De Path, Kottayam 044543"
Gatik Dyal,Male,12-07-1947,4237 2816 9305,"12/507, Date Circle, Mau-995780"
Myra Sankaran,Male,27-06-1947,7998 3264 7948,"H.No. 287, Korpal Path, Surat-486259"
Advika Bera,Male,09-12-1965,4667 3989 5894,"60, Goda Marg, Proddatur-786526"
Rania Mann,Female,17-06-1993,5136 2879 3408,"H.No. 87, Wagle Zila, Satna 794428"
Samar Chatterjee,Female,25-02-1945,3109 9751 2636,"635, Aggarwal Nagar, Hospet 935198"
Neelofar Garg,Female,20-08-1950,7263 0934 2017,"H.No. 09, Sampath Circle, Bidar 731066"
Aarush Korpal,Male,14-02-2001,7530 6468 6364,"87, Saxena Nagar, Aurangabad-804942"
Zoya Sheth,Female,25-05-1987,6612 4285 6257,"19, Bera Street, Darbhanga-188388"
Kabir Jhaveri,Female,07-03-1960,6774 4856 4540,"187, Brar Chowk, Bikaner-889980"
Tushar Tara,Female,15-10-1965,5098 5230 1867,"796, Sabharwal Path, Bharatpur 556181"
Reyansh Dar,Male,09-06-1978,4580 7848 4468,"H.No. 60, Ganesan, Naihati-766694"
Zain Dhillon,Male,02-02-1945,1129 0594 3475,"17/242, Sem Nagar, Shahjahanpur-844072"
Zoya Contractor,Male,21-03-1974,3930 4369 5585,"737, Kalla, Karimnagar-512661"
Elakshi Karnik,Female,12-09-1997,5629 0911 8438,"23, Wali Ganj, Adoni-696074"
Tiya Barad,Male,30-04-1986,2817 8979 8481,"H.No. 29, Kapur Marg, Aurangabad-535406"
Samarth Basak,Male,26-01-1980,3576 4958 1031,"52, Batta Marg, Kolhapur 012560"
Bhamini Kamdar,Male,28-06-1986,1691 6662 5822,"H.No. 99, Karpe Circle, Jammu-091800"
Advika Ahuja,Female,19-03-1965,0852 0340 3588,"73, Saini Path, Agartala 550796"
Saira Joshi,Male,08-08-1987,0713 9718 5045,"26/981, Kurian Road, Ghaziabad 598444"
Mishti Butala,Male,19-04-1950,4281 1465 7031,"741, Sheth Zila, Sultan Pur Majra-849762"
Onkar Mall,Female,04-06-1994,4436 1883 6755,"H.No. 083, D’Alia, Shimla-428479"
Zain Kalita,Male,27-10-1975,3842 3915 1309,"37, Mangat Street, Kollam 438212"
Seher Konda,Female,01-06-1975,0076 0114 7758,"68/54, Bhalla Road, Jodhpur-436372"
Shanaya Mahal,Male,07-03-1995,7789 5333 7529,"84/991, Korpal Marg, Sambhal-190542"
Heer Seth,Female,05-03-1997,5233 2399 7261,"50/534, Batra Ganj, Bangalore 007696"
Ahana  Sidhu,Male,31-10-1967,4899 8600 0442,"H.No. 77, Dasgupta Zila, Srinagar-108048"
Devansh Ramachandran,Female,05-08-1946,1525 4828 0869,"H.No. 022, Tiwari Street, Karimnagar-037124"
Advika Zachariah,Female,15-05-1952,5960 3924 4024,"H.No. 394, Mahajan Marg, Proddatur-964238"
Misha Sodhi,Male,28-06-1994,1656 5772 1561,"840, Bains Chowk, Adoni 309782"
Rhea Borra,Male,11-01-1949,1097 0019 1312,"93/88, Ramesh Road, Warangal-914009"
Ranbir Chakraborty,Female,30-09-1990,6802 0680 6376,"H.No. 539, Gera Zila, Buxar 428788"
Keya Sura,Male,12-12-1971,6235 5115 3382,"190, Yohannan, Durg 925780"
Jivin Doshi,Female,24-12-1954,3068 9426 0840,"478, Gokhale Zila, Lucknow 559608"
Eshani Bhatt,Female,09-11-1955,2062 5734 2573,"H.No. 977, Balasubramanian Street, Aurangabad-867278"
Tanya Dhar,Female,30-06-2003,7225 4626 5773,"11/403, Bal, Ahmedabad 183214"
Nakul Bali,Female,17-11-2000,0596 3120 0703,"056, Chandra Street, Nagercoil 085588"
Himmat Master,Male,07-02-2005,2522 9162 1213,"H.No. 54, Arya Street, Yamunanagar-680412"
Divyansh Bhasin,Female,25-08-2006,3661 8981 3285,"679, Yadav Chowk, Sonipat 973192"
Siya D’Alia,Male,09-03-1967,5855 0162 7908,"41/762, Bhatnagar Zila, Amaravati-085505"
Shayak Chadha,Female,09-12-1978,6219 8140 4544,"73/37, Ramanathan Marg, Farrukhabad-293207"
Keya Shukla,Female,16-05-1985,9024 1437 4767,"H.No. 57, Chandra Chowk, Silchar 534384"
Madhup Sodhi,Female,21-03-1950,1390 8665 5261,"655, Agrawal Path, Madurai-313997"
Sara Sunder,Female,15-08-1979,1952 9485 7853,"H.No. 579, Barman Road, Bhopal-269376"
Dhanush Shroff,Female,05-03-1978,1240 6482 9152,"692, Master Path, Jalna-472584"
Kimaya Lad,Male,01-03-1969,7960 9340 1683,"20, Dyal Zila, Dharmavaram-140245"
Pari Sen,Male,01-01-1978,6567 0997 6926,"313, Bains Road, Surendranagar Dudhrej-377729"
Kiara Divan,Male,20-06-2002,0311 6603 1720,"977, Barad Chowk, Kavali-449379"
Mamooty Tiwari,Male,10-01-2000,7311 7479 5677,"49/468, Vora Street, Hubli–Dharwad-752760"
Manikya Atwal,Female,05-01-1949,7613 0833 0269,"65/93, Dutt Chowk, Gudivada 417067"
Vanya Banik,Female,24-09-1980,7258 7073 6869,"399, Setty Path, Khandwa-207812"
Anvi Singhal,Female,11-04-1970,4266 3992 2115,"H.No. 819, Rana, Bulandshahr 105411"
Mahika Dugal,Female,20-09-1949,0426 4194 5713,"955, Varghese Road, Kumbakonam-962840"
Taimur Saxena,Male,05-10-1987,5302 6182 4124,"25/96, Mani Street, Thrissur 092169"
Taimur Upadhyay,Male,19-04-1986,9964 3722 5939,"92, Chaudhary Zila, Khora -825870"
Emir Wali,Male,29-09-2005,4111 2142 0624,"56/41, Handa Nagar, Ratlam-287526"
Jivin Mammen,Female,07-12-1962,7004 1671 8172,"03/382, Kant Marg, Chandrapur-281857"
Rasha Dugar,Female,25-11-1998,3592 8960 6198,"H.No. 020, Suresh Ganj, Gandhidham 782004"
Ivana Chander,Female,08-11-1949,7260 1977 6184,"15/497, Lala Street, Hapur 802700"
Tejas Malhotra,Female,16-07-1960,6766 0956 1466,"485, De Marg, Haldia-469593"
Kiaan Mani,Female,02-01-1998,5808 4874 9160,"H.No. 02, Virk Ganj, Tadepalligudem 780666"
Veer Anand,Male,11-07-1997,4491 5083 5144,"H.No. 380, Mangal Path, Dehradun-854749"
Mannat Borah,Male,19-06-1984,1517 2823 6050,"H.No. 56, Divan Path, Silchar-491498"
Saksham Babu,Female,14-04-1956,3196 0539 4235,"H.No. 256, Dara Zila, New Delhi-173639"
Jiya Basak,Male,02-09-1973,8862 7877 5187,"872, Ahuja Marg, Gwalior-496454"
Navya Bhalla,Female,16-06-1994,7046 3436 5086,"081, Viswanathan Street, Amritsar-616522"
Zaina Ganguly,Female,20-05-1981,5566 5863 7618,"27, Sur Chowk, Nanded 177617"
Trisha Bal,Male,12-10-1991,0423 0124 8688,"H.No. 38, Trivedi Chowk, Kavali 507178"
Ivan Madan,Female,28-06-1976,7453 1198 1100,"26, Bhattacharyya Path, Giridih-489770"
Sahil Ghose,Male,24-08-1971,8843 9073 2734,"307, Warrior Path, Gandhinagar-161684"
Riya Gade,Female,10-05-1947,5266 9615 8974,"16/70, Vora Path, Rajkot-721408"
Samiha Sinha,Male,07-12-1988,8734 7905 7505,"93/24, Bajaj Ganj, Raebareli-471138"
Arhaan Gera,Male,29-10-1962,2197 7335 1918,"69/603, Sule Path, Kamarhati 126140"
Farhan Sule,Female,24-08-1990,9922 4392 6185,"57/549, Aggarwal Path, Vellore 085014"
Pranay Sachdev,Male,16-01-1952,7857 2812 0404,"91/346, Sandal Nagar, Khandwa-207960"
Raghav Goswami,Female,17-03-1958,7692 9035 7738,"125, Bir Zila, Panipat-577931"
Taimur Ratta,Male,11-06-1992,5723 0723 6487,"55/789, Jani Ganj, Thoothukudi 469373"
Jivika Sridhar,Male,02-03-1964,5358 9250 6452,"02/750, Kuruvilla Chowk, Shivpuri-475094"
Ryan Badami,Female,01-04-2006,2312 3163 6063,"801, Arora Zila, Sangli-Miraj & Kupwad-018258"
Zara Dara,Female,25-02-1946,9017 1833 7649,"H.No. 602, Kanda Street, Howrah 450930"
Prerak Date,Female,10-05-1957,9154 8073 4315,"H.No. 502, Vaidya Street, Maheshtala 329693"
Vidur Kannan,Female,16-01-1983,1534 7013 3715,"H.No. 283, Guha Road, Burhanpur-768164"
Ela Luthra,Female,25-03-1963,1602 7227 4584,"816, Edwin Ganj, Sambhal-295051"
Raghav Dass,Female,03-08-1961,9766 4827 7129,"84/08, Korpal Road, Katihar-766423"
Anya Rajagopal,Female,22-05-1946,8529 3751 7186,"86/56, Choudhury Road, Karnal-400892"
Nayantara Sehgal,Male,04-02-1990,8567 9234 7483,"H.No. 521, Luthra Road, Amaravati 986939"
Tara Jani,Male,28-08-1969,0274 7621 8535,"H.No. 82, Sangha, Hubli–Dharwad 629008"
Aradhya Kar,Male,01-02-1965,0596 6070 8898,"H.No. 180, Goswami Circle, Raurkela Industrial Township 242668"
Saksham Venkatesh,Male,20-04-1989,8432 7598 3043,"H.No. 52, Mane Circle, Rewa 985626"
Dhruv Aggarwal,Female,18-08-1985,0006 0088 0978,"H.No. 146, Kothari Road, Yamunanagar 730844"
Abram Saran,Female,05-08-2004,9423 8472 4564,"07/13, Sarraf Nagar, Mumbai-377250"
Nehmat Bassi,Female,17-11-1977,1923 4026 4225,"79/017, Dhar Chowk, Nagpur 698580"
Lakshay Balasubramanian,Male,09-11-1998,3962 0836 0883,"69, Chadha Circle, Belgaum 699763"
Jhanvi Bora,Male,12-11-1986,3387 5420 7469,"82/00, Shah, Amritsar-578800"
Azad Vaidya,Female,03-05-1951,8429 2494 1159,"18/466, Ramanathan Nagar, Dhule-604086"
Charvi Manne,Male,24-04-1956,5250 3784 5290,"413, Taneja Nagar, Burhanpur 318949"
Manikya Dash,Male,26-03-1973,8637 4687 2618,"426, Dhar Circle, Chandigarh 624126"
Taimur Garg,Female,27-05-2001,5333 7532 4016,"654, Srinivasan Path, Ongole 849632"
Suhana Handa,Female,23-03-1975,3811 7578 8930,"34/48, Sengupta Street, Eluru-301908"
Yuvaan Bhat,Male,06-03-1949,1780 1729 3716,"038, Basak Nagar, Bellary 752066"
Manikya Joshi,Female,24-01-1967,2122 2900 7409,"H.No. 61, Bahl Zila, Rampur 004842"
Aaryahi Anand,Female,23-02-1997,5937 3894 6767,"51/512, Baral Road, Bilaspur 483886"
Advik Dugar,Female,18-09-1989,7700 0446 1852,"20/06, Srinivas Chowk, Kishanganj-963751"
Rasha Vaidya,Male,16-03-1991,3371 2618 4667,"70/815, Dalal Path, Kolhapur 336171"
Elakshi Cheema,Male,21-03-1987,8430 9782 3958,"98, Savant Circle, Phagwara-135147"
Shanaya Sahni,Male,20-08-1957,7614 9201 3317,"02/219, Sant Marg, Buxar-466811"
Dharmajan Gera,Female,06-08-1960,6191 1995 3565,"50, Ganesh Marg, Chittoor-992125"
Tarini Chauhan,Male,30-11-1960,2100 8083 8594,"H.No. 826, Mani, Mangalore 977008"
Rati Chaudhary,Male,13-03-1967,9724 8237 6097,"97/92, Kota Nagar, Pondicherry-161417"
Alia Mandal,Male,21-04-1969,6831 7258 7355,"86/07, Aggarwal Nagar, Sikar 820894"
Armaan Sura,Male,25-08-1970,7860 7318 8042,"H.No. 53, Sekhon Marg, Visakhapatnam-864969"
Kiara Krishnan,Male,24-06-1971,8053 8179 5455,"H.No. 999, Dass, Phagwara 450802"
Tarini Wason,Male,24-12-1989,5001 3136 2551,"81, Hegde Zila, Patna 733015"
Gokul Mangat,Female,03-10-1999,0066 2198 2723,"H.No. 078, Raja Ganj, Jaunpur-505750"
Neysa Chad,Female,02-11-1978,2105 4771 3011,"H.No. 194, Iyer Street, Bhavnagar 709548"
Shray Basu,Female,01-03-1967,4116 8454 2599,"343, Majumdar Road, Giridih-090346"
Rati Dube,Female,28-07-1945,8410 9466 0086,"H.No. 32, Jaggi Road, Khandwa 117624"
Ahana  Suresh,Female,26-12-1959,8059 3076 3450,"47, Loyal, Thanjavur-816233"
Riaan Rama,Male,04-12-1982,7310 4716 2562,"25, Luthra Circle, Aurangabad-529991"
Ishita Borra,Female,04-10-1990,4797 6279 1888,"749, Char Path, Kadapa 109505"
Ojas Guha,Female,17-08-1996,8283 6161 6573,"27/54, Krishnamurthy, Bokaro-015551"
Saanvi Khanna,Male,03-03-1961,7850 7769 7523,"H.No. 384, Chowdhury Path, Karawal Nagar 477973"
Kiara Babu,Male,20-02-1977,6226 3571 2420,"46/77, Karnik Path, Ujjain 350734"
Neelofar Hegde,Female,12-08-1955,0334 8673 3287,"H.No. 52, Badami Street, Sambhal 227167"
Kismat Deep,Male,10-08-1964,9006 6764 4574,"H.No. 87, Varughese Path, Muzaffarpur-537530"
Nirvi Hans,Male,31-01-1970,6641 5150 2640,"92, Banik Ganj, Kirari Suleman Nagar-866712"
Ayesha Grewal,Female,16-05-1981,0851 3298 7294,"036, Sankar Ganj, Vadodara 409551"
Dharmajan Anand,Female,02-11-1961,7074 6706 5271,"H.No. 03, Deol Path, Tadepalligudem-932326"
Sahil Sawhney,Male,07-06-1971,1741 4827 4334,"H.No. 803, Mammen Street, Yamunanagar-679016"
Samar Choudhry,Female,29-04-1971,1852 7966 8361,"270, Zacharia, Panvel-784768"
Mamooty Sami,Male,30-05-1971,6677 4957 1192,"50/78, Balakrishnan Circle, Ahmednagar 364454"
Tushar Bandi,Male,19-10-1998,1115 3745 9253,"53, Shanker Circle, Satara 439166"
Indranil Kibe,Male,07-04-1992,0503 4080 6488,"01, Shan Path, Jhansi 125917"
Sahil Seshadri,Female,25-09-2001,3120 1180 9825,"12, Kumar Marg, Durg 556348"
Miraan Rana,Male,07-12-2003,1765 9017 1322,"52/189, Grover Circle, Bidar-345941"
Shaan Boase,Female,18-11-1998,6424 0446 6679,"23/469, Kale Zila, Dibrugarh-061384"
Indrajit Subramaniam,Male,01-12-1946,9299 0972 4461,"11, Jayaraman Marg, Gaya-664266"
Mahika Sen,Female,08-08-2003,3246 3401 3433,"49/256, Tank Road, Akola-148885"
Tara Bhandari,Male,17-04-1948,9468 6856 8639,"59, Bhatia Nagar, Kota-532060"
Pranay Kota,Female,05-06-1954,2086 0532 2345,"796, Chanda Marg, Karimnagar 873149"
Kiaan Kuruvilla,Female,01-05-1966,4332 2597 6360,"01, Chandran Marg, Miryalaguda-588537"
Nehmat Sami,Female,09-07-1986,2986 7493 0176,"H.No. 12, Kapur Ganj, Sasaram-782254"
Inaaya  Dyal,Female,22-04-1948,3752 9678 5372,"48/97, Bhat Road, Jalgaon-136133"
Shlok Baria,Male,03-10-1958,3045 2570 7261,"04/121, Raval Path, Munger-157096"
Aarush Jhaveri,Male,23-07-1996,0532 2341 6961,"51, Dass Nagar, Tenali-316267"
Vritika Upadhyay,Female,02-01-1974,5804 8166 9007,"H.No. 24, Karpe Nagar, Bareilly-201536"
Shayak Loke,Female,20-07-1997,2704 8270 1012,"H.No. 942, Wali Zila, Srinagar-195044"
Eva Sridhar,Female,15-12-1964,7197 0477 3375,"65/665, Bali Zila, Ambattur 307326"
Divit Hans,Female,08-10-1995,1085 5910 2854,"H.No. 316, Mammen Chowk, Dindigul 243994"
Aarna Borra,Male,29-12-1997,3835 6005 6499,"76/03, Grover Marg, Karawal Nagar 975465"
Amira Madan,Female,27-06-1963,5759 7818 2912,"H.No. 49, Sethi Ganj, Korba 387372"
Faiyaz Brahmbhatt,Male,04-03-1981,7196 1775 8179,"065, Lad Road, Satara 430671"
Zaina Gandhi,Male,05-09-1982,4568 9867 1419,"21, Bawa Road, Anantapuram 586057"
Hridaan Sampath,Male,10-06-2003,8200 6593 8001,"99, Rajan Zila, Kollam 758134"
Hrishita Date,Male,28-01-1950,5182 7435 5336,"98, Kari Nagar, Bhiwani 661786"
Lavanya Mand,Male,01-12-1995,8416 4751 2592,"029, Dhar Marg, Panipat-684019"
Saanvi Buch,Female,11-08-1968,3909 6216 2761,"37/539, Balakrishnan Chowk, Amaravati-094511"
Rania Guha,Male,14-05-1977,0346 8772 4494,"68/13, Desai Zila, Gangtok 403955"
Vaibhav Grewal,Male,23-11-1995,2335 9253 1306,"082, Dutta Path, Ahmedabad 215662"
Yasmin Rattan,Male,08-11-1972,5823 3929 6658,"251, Batta Path, Dehri-131401"
Badal Dhingra,Female,12-01-1981,6744 5005 5466,"86/457, De Path, Mau 890082"
Anaya Ram,Female,21-09-1988,2883 7202 8370,"99/40, Bose Ganj, Kirari Suleman Nagar 228955"
Manikya Goda,Male,15-02-2006,2060 4063 3307,"51/49, Shanker Path, Jalandhar-266878"
Indranil Gera,Male,26-09-1980,1922 1715 3933,"511, Kumer Chowk, Solapur 407292"
Mahika Srinivasan,Male,03-12-1985,2089 5046 2084,"47/644, Devi Chowk, Nellore-773401"
Saanvi Lad,Female,12-11-1978,4422 6191 9132,"48, Hayer Road, Cuttack-782453"
Raunak Talwar,Male,24-01-1977,9479 5969 8444,"351, Swamy Chowk, Ujjain-001194"
Damini Konda,Female,22-05-2002,6163 3555 1544,"61, Chada, Jamalpur-366392"
Sahil Bajwa,Female,10-10-1957,0467 7290 2366,"H.No. 948, Mane Ganj, Bhopal-789414"
Manikya Badal,Male,27-11-1986,1420 0696 3494,"H.No. 81, Saran Circle, Ajmer-793273"
Azad Basu,Male,07-03-1953,1796 2032 5937,"803, Din Path, Patiala 275109"
Madhup Sandal,Female,20-12-1992,0973 9495 1524,"H.No. 100, Vora Road, Thanjavur 263168"
Aaryahi Khurana,Male,27-08-1987,9861 4362 6948,"11, D’Alia Road, Jalgaon 010270"
Dishani Hayre,Female,25-10-2005,3346 3960 5447,"577, Khanna Nagar, Noida-037173"
Chirag Kamdar,Male,28-07-1979,6586 9757 8810,"501, Shroff Circle, Phagwara-400809"
Manjari Agrawal,Female,12-08-1978,2690 2570 8346,"39/19, Seshadri, Giridih 664279"
Miraya Hegde,Female,21-11-1967,3512 8520 1670,"47/730, Choudhary Chowk, Tiruchirappalli-484862"
Nitya Iyer,Female,27-03-1990,0499 7784 5902,"544, Soman Path, Deoghar-939216"
Sahil Dubey,Female,08-09-1947,8595 0719 6459,"H.No. 29, Bhardwaj Zila, Ahmedabad 279468"
Nitya Tiwari,Female,30-04-1957,0650 4183 2425,"04/13, Warrior Nagar, Berhampur 703334"
Riya Jayaraman,Female,16-06-1977,7808 9795 3107,"67/055, Sarna Zila, Bhilwara-849991"
Taran Bumb,Female,23-02-1971,8156 0102 3433,"16, De Street, Kolhapur 436410"
Miraya Kunda,Female,09-10-1967,6706 4912 0218,"02, Handa, Hajipur 231745"
Urvi Acharya,Female,06-06-1961,2333 5338 4194,"H.No. 301, Tripathi Nagar, Bhopal-445527"
Pranay Samra,Male,24-07-1987,3113 6991 6706,"H.No. 78, Sampath Circle, Danapur 966560"
Ahana  Kata,Male,18-03-1945,0413 2334 1977,"77/02, Balasubramanian Zila, Haldia 724999"
Pihu Sood,Male,05-04-1951,2284 4019 1270,"76/227, Basu, Cuttack 297944"
Aarush Kumer,Male,16-04-2002,7062 5396 6420,"93/74, Tank Road, Dewas 355568"
Vedika Comar,Female,14-10-1966,0753 5490 9822,"74/604, Bava Nagar, Kirari Suleman Nagar 723440"
Anaya Lal,Male,12-10-1965,5640 1135 5268,"53/15, Balay Circle, Guntur 202870"
Nakul Mani,Female,04-01-1959,4267 7623 5529,"691, Sandal Ganj, Erode-139295"
Advik Bawa,Female,28-04-1991,6470 0188 3265,"17, Dani Marg, Tinsukia 672848"
Shalv Baria,Male,19-06-2001,5600 4146 3368,"H.No. 87, Khosla Street, Thoothukudi-115325"
Seher Khare,Female,03-06-1963,7181 2327 6939,"12, Bava Nagar, Bhiwani 034604"
Dharmajan Subramaniam,Female,23-04-1990,2700 5726 3204,"43, Vora Street, Tirunelveli 463377"
Samarth Kapadia,Female,09-02-1971,6043 3182 9208,"59/71, Bath Chowk, Hindupur-303845"
Mehul Sekhon,Female,02-08-1974,8161 5126 6770,"36, Dave Marg, Kottayam-359675"
Gokul Ramakrishnan,Male,04-11-1985,1435 3437 0662,"625, Gera Road, Bellary-205822"
Piya Swamy,Male,25-08-1960,0522 3051 6970,"H.No. 948, Iyengar Path, Pimpri-Chinchwad 865129"
Nirvaan Lad,Male,01-04-2000,5323 0196 7084,"13/33, Gill Ganj, Mirzapur 482763"
Faiyaz Bhardwaj,Male,28-04-1970,3818 3755 1696,"33/839, Rattan Zila, Madurai 373915"
Bhamini Sur,Male,08-09-1979,8297 0292 7646,"42/84, Iyengar Chowk, Kurnool-105555"
Prerak Lal,Female,08-07-1983,7916 6861 5021,"62/31, Som Path, Gandhidham 637156"
Ayesha Varma,Female,14-04-1983,6724 4531 8774,"19, Kata Ganj, Ramagundam-330079"
Shalv Ghose,Male,29-02-1948,1125 0470 0358,"H.No. 43, Vora Street, Davanagere 395567"
Ivana Krishnamurthy,Female,27-09-1985,0654 3110 8626,"14, Badal, Jorhat 889549"
Bhavin Gokhale,Male,08-05-1991,7174 5957 7406,"946, Hans Marg, Ambattur-792287"
Kanav Kannan,Male,26-11-2006,1017 4901 4546,"25, Dora Circle, Guntur 857469"
Kashvi Sarin,Female,23-04-1958,2309 8389 4196,"852, Chand Circle, Davanagere 399164"
Ira Chana,Male,12-12-2005,6382 9259 3355,"60/74, Din Ganj, Bhind-746286"
Lagan Sawhney,Female,01-10-1972,4798 3228 6560,"25/17, Aurora Zila, Tadipatri-465912"
Kanav Grewal,Female,15-07-1981,1840 3900 3592,"50/50, Sagar Road, Aurangabad 524269"
Nakul Cherian,Female,13-05-2003,3683 1986 1599,"82/68, Hayer, Barasat-072252"
Tanya Viswanathan,Female,16-05-1979,7741 5791 9998,"044, Balakrishnan Circle, Mathura-740814"
Madhup Saha,Female,17-02-1958,1748 5423 6594,"H.No. 545, Bajaj Nagar, Raiganj-842827"
Gatik Edwin,Female,04-02-1957,1432 2033 5283,"13, Bali, Orai-330367"
Advik Wason,Female,31-08-1984,8278 5430 8757,"105, Krishna Path, Shahjahanpur-637791"
Kismat Kapur,Female,22-10-1990,7659 2807 9058,"89/05, Boase Nagar, Saharsa-664849"
Mehul Loyal,Male,08-06-2007,9541 1268 9971,"H.No. 56, Chada Marg, Muzaffarnagar 358077"
Vanya Gopal,Male,22-11-1948,2509 6121 4178,"60/976, Chawla Nagar, Yamunanagar 713415"
Charvi Bhargava,Female,28-05-1984,3730 4087 0439,"04, Kumer Nagar, Bhavnagar 695388"
Tarini Mane,Female,18-04-2002,2077 2055 8624,"H.No. 209, Buch Chowk, Cuttack 332981"
Bhavin Kaul,Male,18-09-1995,6094 6818 9685,"32/78, Hayer Marg, Karimnagar-945842"
Shaan Ratta,Male,18-04-1983,6634 8384 6525,"49, Jani, Chandigarh 512643"
Krish Trivedi,Male,12-03-1951,9588 7143 7574,"64, Subramanian Zila, Thane-995509"
Biju Bawa,Male,27-01-1992,8122 8023 9465,"22/74, Rajan Zila, Serampore 025273"
Samaira Jaggi,Male,17-07-1980,9023 8935 0593,"81, Som Nagar, Pune-751993"
Nitara Babu,Female,01-11-1988,7539 1895 9703,"H.No. 26, Contractor Zila, Rohtak-132454"
Hansh Thakur,Male,03-05-1956,5247 5067 6585,"H.No. 379, Sarin Circle, Gandhidham-173018"
Darshit Gaba,Female,28-08-1985,9246 7977 2597,"838, Kuruvilla Chowk, Nanded-190900"
Mahika Dugar,Female,06-12-2003,2826 4030 5460,"H.No. 135, Sem Ganj, Sambhal-774030"
Kimaya Saraf,Male,01-04-1981,6394 4001 1750,"H.No. 71, De, Raichur 259382"
Hansh Bora,Male,17-05-1953,9415 1625 5851,"79/710, Sachdev Nagar, Anantapur-482338"
Seher Konda,Female,06-02-1996,4439 4524 3558,"H.No. 10, Sengupta Path, Korba 138184"
Baiju Sabharwal,Female,21-03-2000,2024 6137 6797,"H.No. 90, Andra Road, Arrah 898878"
Aayush Guha,Male,06-08-1971,6036 2953 8787,"749, Yadav Nagar, Jamshedpur 484620"
Dhanush Bhandari,Female,16-07-1982,4633 7718 0111,"699, Contractor Marg, Ongole-706940"
Aarna Dass,Female,01-10-1983,0424 3817 3833,"58, Jhaveri Ganj, Ujjain 033644"
Priyansh Gade,Male,23-11-1990,0227 2166 7474,"71, Doctor Ganj, Mathura 066601"
Tanya Viswanathan,Male,18-11-1966,2511 4221 9119,"90/155, Khare Street, Jalna 748744"
Tara Swamy,Female,11-03-1999,1818 3772 9624,"27/70, Dash Zila, Bidhannagar-957382"
Jiya Iyengar,Male,05-11-1960,4927 4943 1777,"H.No. 548, Kashyap Road, Bhalswa Jahangir Pur 469306"
Diya Bandi,Female,01-12-2001,1842 7281 6661,"H.No. 422, Mallick Circle, Bhiwani 390473"
Jayant Gopal,Male,07-10-1961,9618 4819 7003,"94/68, Tandon Path, Sasaram 150832"
Inaaya  Lad,Female,20-06-2000,9079 6296 1256,"H.No. 85, Andra Road, Bhavnagar-381547"
Yakshit Jani,Male,08-09-1998,4361 5934 2771,"H.No. 760, Shere Nagar, Bidhannagar 592884"
